ccid,cvv,exp
5010120062900595,669,2024/02/16
5602259311683794,234,2021/09/11
3553239103197884,195,2018/05/27
3589638007680853,942,2021/04/19
50209370461617012,118,2021/06/15
5100138940143478,821,2021/05/29
5602241515590975,536,2022/07/26
374288975252726,273,2021/12/22
6389279843838325,184,2021/06/21
3571912833060949,501,2019/03/17
6759678325639881,373,2019/08/29
3557224429496380,368,2023/09/04
5602214589505542,745,2021/11/14
4911001212082125,491,2023/05/07
3574453235382901,537,2021/05/15
560225907541821045,186,2021/08/25
3541439429341712,510,2019/02/25
3537467685169093,706,2023/05/07
3565605447999134,763,2019/05/28
3557818085760540,765,2021/01/28
36566274912383,265,2022/07/02
3588559961954574,127,2021/10/04
6304373305165404858,188,2023/12/15
30562156396130,787,2024/02/22
201464280458642,918,2020/07/28
6390591529470422,206,2023/05/02
3546121647125052,645,2019/11/28
3544614632461344,918,2022/10/03
6759911892918689,739,2019/07/12
3552965004350757,910,2019/08/12
201489459217461,781,2020/12/10
6392098298499705,634,2022/08/10
4913165032114547,161,2021/05/23
3557069552661833,616,2019/07/09
5002359678519551,217,2024/01/19
67593636400954460,206,2020/02/02
3566694819836248,236,2022/09/21
30495952169437,658,2019/02/11
633110187259761013,113,2020/10/24
676775162830341952,484,2021/10/15
374622606032232,672,2022/09/21
56022242154507366,794,2022/02/20
3589937961921398,646,2019/07/31
3539418782619272,132,2022/09/06
677151582065336785,876,2022/02/15
5602242786225697,145,2020/03/15
30479140404773,608,2024/03/16
56022348900782912,439,2019/05/04
5412889335416449,636,2021/07/30
630477333016213202,413,2020/12/31
