lid,dob,exp
3573114625173695,1975/08/19,2020/03/13
5562703352891673,1962/10/09,2019/01/22
6771099471109857396,1981/10/19,2019/07/16
4041375613171,1989/05/28,2018/09/28
4905501995758197355,1969/06/26,2020/10/27
6375039048065439,1985/07/15,2019/12/25
3564230503520574,1989/05/22,2019/04/28
676370659603853526,1982/07/06,2018/05/25
5010127048055824,1977/07/04,2020/11/08
201839058317536,1989/11/01,2020/09/28
5185740614907548,1991/02/28,2018/12/08
30476237578345,1980/01/15,2020/08/12
3569798235325533,1978/12/07,2020/04/10
201897827022613,1992/02/18,2019/09/03
6706123783421716,1962/08/23,2019/12/02
201574527312467,1991/02/21,2019/06/19
6771441253431282,1970/04/19,2018/07/12
4175002903031844,1987/02/25,2018/05/22
201776990263073,1987/03/01,2020/11/05
490571679682030195,1974/02/07,2019/06/06
50380390820992261,1973/10/23,2020/03/15
5602249342866830214,1971/06/08,2019/06/19
490557961378019841,1979/10/05,2019/11/27
3562575748847352,1968/09/15,2020/12/06
4012081423098,1971/10/22,2020/09/01
501845099478740721,1977/11/18,2018/12/20
3587776645208182,1985/07/08,2020/08/22
36162204132613,1981/09/15,2018/12/15
5265927371157499,1973/02/19,2021/04/19
4936175060546141,1981/07/01,2019/01/25
30116550935223,1968/11/01,2018/11/14
3583504629363045,1975/04/11,2021/02/11
337941270791568,1961/08/07,2018/05/06
3532562351276464,1984/07/03,2019/05/12
3545067765583203,1962/10/11,2020/09/05
3555322842377781,1967/01/31,2018/06/23
6331103785003265464,1968/11/30,2020/09/26
6762298609985390,1972/02/22,2019/05/25
4508901526609860,1970/01/26,2019/09/11
3578910990253714,1975/06/13,2019/02/06
372301491130169,1977/03/10,2021/01/14
5100143945773212,1972/07/21,2019/02/06
633373767404264609,1964/07/06,2018/06/11
5108751145571194,1978/02/27,2019/09/03
4604339795770,1970/09/09,2020/07/28
3580324715358897,1990/06/08,2020/07/22
201864951194162,1991/01/13,2021/02/24
4936069036408625948,1981/01/19,2020/05/18
5038955455058883,1962/09/19,2018/05/13
201444814056302,1975/11/10,2021/01/20
